,RFC,KNN,GNB,DTC,LR,SVC,GDC
Accuracy,91.31652661,92.99719888,83.19327731,85.43417367,83.7535014,88.51540616,90.75630252
Precision,88.82978723,92.26804124,84.12698413,85.86387435,84.29319372,87.75510204,90.625
Recall,94.35028249,94.70899471,84.12698413,86.77248677,85.18518519,91.00529101,92.06349206
F_Score,91.50684932,93.47258486,84.12698413,86.31578947,84.73684211,89.35064935,91.33858268
